"workbook","relationship_file","relationship_id","target","resolved_target","target_exists"
"analytical_workbook","xl/_rels/workbook.xml.rels","rId1","worksheets/sheet1.xml","xl/worksheets/sheet1.xml",TRUE
"analytical_workbook","xl/_rels/workbook.xml.rels","rId2","worksheets/sheet2.xml","xl/worksheets/sheet2.xml",TRUE
"analytical_workbook","xl/_rels/workbook.xml.rels","rId3","worksheets/sheet3.xml","xl/worksheets/sheet3.xml",TRUE
"analytical_workbook","xl/_rels/workbook.xml.rels","rId4","worksheets/sheet4.xml","xl/worksheets/sheet4.xml",TRUE
"analytical_workbook","xl/_rels/workbook.xml.rels","rId5","worksheets/sheet5.xml","xl/worksheets/sheet5.xml",TRUE
"analytical_workbook","xl/_rels/workbook.xml.rels","rId6","worksheets/sheet6.xml","xl/worksheets/sheet6.xml",TRUE
"analytical_workbook","xl/_rels/workbook.xml.rels","rId7","worksheets/sheet7.xml","xl/worksheets/sheet7.xml",TRUE
"analytical_workbook","xl/_rels/workbook.xml.rels","rId8","worksheets/sheet8.xml","xl/worksheets/sheet8.xml",TRUE
"analytical_workbook","xl/_rels/workbook.xml.rels","rId9","worksheets/sheet9.xml","xl/worksheets/sheet9.xml",TRUE
"analytical_workbook","xl/_rels/workbook.xml.rels","rId10","worksheets/sheet10.xml","xl/worksheets/sheet10.xml",TRUE
"analytical_workbook","xl/_rels/workbook.xml.rels","rId11","worksheets/sheet11.xml","xl/worksheets/sheet11.xml",TRUE
"analytical_workbook","xl/_rels/workbook.xml.rels","rId12","theme/theme1.xml","xl/theme/theme1.xml",TRUE
"analytical_workbook","xl/_rels/workbook.xml.rels","rId13","styles.xml","xl/styles.xml",TRUE
"analytical_workbook","xl/_rels/workbook.xml.rels","rId14","sharedStrings.xml","xl/sharedStrings.xml",TRUE
"analytical_workbook","xl/worksheets/_rels/sheet1.xml.rels","rId1","../drawings/drawing1.xml","xl/drawings/drawing1.xml",FALSE
"analytical_workbook","xl/worksheets/_rels/sheet1.xml.rels","rId2","../printerSettings/printerSettings1.bin","xl/printerSettings/printerSettings1.bin",TRUE
"analytical_workbook","xl/worksheets/_rels/sheet1.xml.rels","rIdvml","../drawings/vmlDrawing1.vml","xl/drawings/vmlDrawing1.vml",FALSE
"analytical_workbook","xl/worksheets/_rels/sheet10.xml.rels","rId1","../drawings/drawing10.xml","xl/drawings/drawing10.xml",FALSE
"analytical_workbook","xl/worksheets/_rels/sheet10.xml.rels","rId2","../printerSettings/printerSettings10.bin","xl/printerSettings/printerSettings10.bin",TRUE
"analytical_workbook","xl/worksheets/_rels/sheet10.xml.rels","rIdvml","../drawings/vmlDrawing10.vml","xl/drawings/vmlDrawing10.vml",FALSE
"analytical_workbook","xl/worksheets/_rels/sheet11.xml.rels","rId1","../drawings/drawing11.xml","xl/drawings/drawing11.xml",FALSE
"analytical_workbook","xl/worksheets/_rels/sheet11.xml.rels","rId2","../printerSettings/printerSettings11.bin","xl/printerSettings/printerSettings11.bin",TRUE
"analytical_workbook","xl/worksheets/_rels/sheet11.xml.rels","rIdvml","../drawings/vmlDrawing11.vml","xl/drawings/vmlDrawing11.vml",FALSE
"analytical_workbook","xl/worksheets/_rels/sheet2.xml.rels","rId1","../drawings/drawing2.xml","xl/drawings/drawing2.xml",FALSE
"analytical_workbook","xl/worksheets/_rels/sheet2.xml.rels","rId2","../printerSettings/printerSettings2.bin","xl/printerSettings/printerSettings2.bin",TRUE
"analytical_workbook","xl/worksheets/_rels/sheet2.xml.rels","rIdvml","../drawings/vmlDrawing2.vml","xl/drawings/vmlDrawing2.vml",FALSE
"analytical_workbook","xl/worksheets/_rels/sheet3.xml.rels","rId1","../drawings/drawing3.xml","xl/drawings/drawing3.xml",FALSE
"analytical_workbook","xl/worksheets/_rels/sheet3.xml.rels","rId2","../printerSettings/printerSettings3.bin","xl/printerSettings/printerSettings3.bin",TRUE
"analytical_workbook","xl/worksheets/_rels/sheet3.xml.rels","rIdvml","../drawings/vmlDrawing3.vml","xl/drawings/vmlDrawing3.vml",FALSE
"analytical_workbook","xl/worksheets/_rels/sheet4.xml.rels","rId1","../drawings/drawing4.xml","xl/drawings/drawing4.xml",FALSE
"analytical_workbook","xl/worksheets/_rels/sheet4.xml.rels","rId2","../printerSettings/printerSettings4.bin","xl/printerSettings/printerSettings4.bin",TRUE
"analytical_workbook","xl/worksheets/_rels/sheet4.xml.rels","rIdvml","../drawings/vmlDrawing4.vml","xl/drawings/vmlDrawing4.vml",FALSE
"analytical_workbook","xl/worksheets/_rels/sheet5.xml.rels","rId1","../drawings/drawing5.xml","xl/drawings/drawing5.xml",FALSE
"analytical_workbook","xl/worksheets/_rels/sheet5.xml.rels","rId2","../printerSettings/printerSettings5.bin","xl/printerSettings/printerSettings5.bin",TRUE
"analytical_workbook","xl/worksheets/_rels/sheet5.xml.rels","rIdvml","../drawings/vmlDrawing5.vml","xl/drawings/vmlDrawing5.vml",FALSE
"analytical_workbook","xl/worksheets/_rels/sheet6.xml.rels","rId1","../drawings/drawing6.xml","xl/drawings/drawing6.xml",FALSE
"analytical_workbook","xl/worksheets/_rels/sheet6.xml.rels","rId2","../printerSettings/printerSettings6.bin","xl/printerSettings/printerSettings6.bin",TRUE
"analytical_workbook","xl/worksheets/_rels/sheet6.xml.rels","rIdvml","../drawings/vmlDrawing6.vml","xl/drawings/vmlDrawing6.vml",FALSE
"analytical_workbook","xl/worksheets/_rels/sheet7.xml.rels","rId1","../drawings/drawing7.xml","xl/drawings/drawing7.xml",FALSE
"analytical_workbook","xl/worksheets/_rels/sheet7.xml.rels","rId2","../printerSettings/printerSettings7.bin","xl/printerSettings/printerSettings7.bin",TRUE
"analytical_workbook","xl/worksheets/_rels/sheet7.xml.rels","rIdvml","../drawings/vmlDrawing7.vml","xl/drawings/vmlDrawing7.vml",FALSE
"analytical_workbook","xl/worksheets/_rels/sheet8.xml.rels","rId1","../drawings/drawing8.xml","xl/drawings/drawing8.xml",FALSE
"analytical_workbook","xl/worksheets/_rels/sheet8.xml.rels","rId2","../printerSettings/printerSettings8.bin","xl/printerSettings/printerSettings8.bin",TRUE
"analytical_workbook","xl/worksheets/_rels/sheet8.xml.rels","rIdvml","../drawings/vmlDrawing8.vml","xl/drawings/vmlDrawing8.vml",FALSE
"analytical_workbook","xl/worksheets/_rels/sheet9.xml.rels","rId1","../drawings/drawing9.xml","xl/drawings/drawing9.xml",FALSE
"analytical_workbook","xl/worksheets/_rels/sheet9.xml.rels","rId2","../printerSettings/printerSettings9.bin","xl/printerSettings/printerSettings9.bin",TRUE
"analytical_workbook","xl/worksheets/_rels/sheet9.xml.rels","rIdvml","../drawings/vmlDrawing9.vml","xl/drawings/vmlDrawing9.vml",FALSE
"technical_workbook","xl/_rels/workbook.xml.rels","rId1","worksheets/sheet1.xml","xl/worksheets/sheet1.xml",TRUE
"technical_workbook","xl/_rels/workbook.xml.rels","rId2","worksheets/sheet2.xml","xl/worksheets/sheet2.xml",TRUE
"technical_workbook","xl/_rels/workbook.xml.rels","rId3","worksheets/sheet3.xml","xl/worksheets/sheet3.xml",TRUE
"technical_workbook","xl/_rels/workbook.xml.rels","rId4","worksheets/sheet4.xml","xl/worksheets/sheet4.xml",TRUE
"technical_workbook","xl/_rels/workbook.xml.rels","rId5","worksheets/sheet5.xml","xl/worksheets/sheet5.xml",TRUE
"technical_workbook","xl/_rels/workbook.xml.rels","rId6","worksheets/sheet6.xml","xl/worksheets/sheet6.xml",TRUE
"technical_workbook","xl/_rels/workbook.xml.rels","rId7","worksheets/sheet7.xml","xl/worksheets/sheet7.xml",TRUE
"technical_workbook","xl/_rels/workbook.xml.rels","rId8","worksheets/sheet8.xml","xl/worksheets/sheet8.xml",TRUE
"technical_workbook","xl/_rels/workbook.xml.rels","rId9","worksheets/sheet9.xml","xl/worksheets/sheet9.xml",TRUE
"technical_workbook","xl/_rels/workbook.xml.rels","rId10","worksheets/sheet10.xml","xl/worksheets/sheet10.xml",TRUE
"technical_workbook","xl/_rels/workbook.xml.rels","rId11","worksheets/sheet11.xml","xl/worksheets/sheet11.xml",TRUE
"technical_workbook","xl/_rels/workbook.xml.rels","rId12","worksheets/sheet12.xml","xl/worksheets/sheet12.xml",TRUE
"technical_workbook","xl/_rels/workbook.xml.rels","rId13","worksheets/sheet13.xml","xl/worksheets/sheet13.xml",TRUE
"technical_workbook","xl/_rels/workbook.xml.rels","rId14","worksheets/sheet14.xml","xl/worksheets/sheet14.xml",TRUE
"technical_workbook","xl/_rels/workbook.xml.rels","rId15","worksheets/sheet15.xml","xl/worksheets/sheet15.xml",TRUE
"technical_workbook","xl/_rels/workbook.xml.rels","rId16","worksheets/sheet16.xml","xl/worksheets/sheet16.xml",TRUE
"technical_workbook","xl/_rels/workbook.xml.rels","rId17","theme/theme1.xml","xl/theme/theme1.xml",TRUE
"technical_workbook","xl/_rels/workbook.xml.rels","rId18","styles.xml","xl/styles.xml",TRUE
"technical_workbook","xl/_rels/workbook.xml.rels","rId19","sharedStrings.xml","xl/sharedStrings.xml",TRUE
"technical_workbook","xl/worksheets/_rels/sheet1.xml.rels","rId1","../drawings/drawing1.xml","xl/drawings/drawing1.xml",FALSE
"technical_workbook","xl/worksheets/_rels/sheet1.xml.rels","rId2","../printerSettings/printerSettings1.bin","xl/printerSettings/printerSettings1.bin",TRUE
"technical_workbook","xl/worksheets/_rels/sheet1.xml.rels","rIdvml","../drawings/vmlDrawing1.vml","xl/drawings/vmlDrawing1.vml",FALSE
"technical_workbook","xl/worksheets/_rels/sheet10.xml.rels","rId1","../drawings/drawing10.xml","xl/drawings/drawing10.xml",FALSE
"technical_workbook","xl/worksheets/_rels/sheet10.xml.rels","rId2","../printerSettings/printerSettings10.bin","xl/printerSettings/printerSettings10.bin",TRUE
"technical_workbook","xl/worksheets/_rels/sheet10.xml.rels","rIdvml","../drawings/vmlDrawing10.vml","xl/drawings/vmlDrawing10.vml",FALSE
"technical_workbook","xl/worksheets/_rels/sheet11.xml.rels","rId1","../drawings/drawing11.xml","xl/drawings/drawing11.xml",FALSE
"technical_workbook","xl/worksheets/_rels/sheet11.xml.rels","rId2","../printerSettings/printerSettings11.bin","xl/printerSettings/printerSettings11.bin",TRUE
"technical_workbook","xl/worksheets/_rels/sheet11.xml.rels","rIdvml","../drawings/vmlDrawing11.vml","xl/drawings/vmlDrawing11.vml",FALSE
"technical_workbook","xl/worksheets/_rels/sheet12.xml.rels","rId1","../drawings/drawing12.xml","xl/drawings/drawing12.xml",FALSE
"technical_workbook","xl/worksheets/_rels/sheet12.xml.rels","rId2","../printerSettings/printerSettings12.bin","xl/printerSettings/printerSettings12.bin",TRUE
"technical_workbook","xl/worksheets/_rels/sheet12.xml.rels","rIdvml","../drawings/vmlDrawing12.vml","xl/drawings/vmlDrawing12.vml",FALSE
"technical_workbook","xl/worksheets/_rels/sheet13.xml.rels","rId1","../drawings/drawing13.xml","xl/drawings/drawing13.xml",FALSE
"technical_workbook","xl/worksheets/_rels/sheet13.xml.rels","rId2","../printerSettings/printerSettings13.bin","xl/printerSettings/printerSettings13.bin",TRUE
"technical_workbook","xl/worksheets/_rels/sheet13.xml.rels","rIdvml","../drawings/vmlDrawing13.vml","xl/drawings/vmlDrawing13.vml",FALSE
"technical_workbook","xl/worksheets/_rels/sheet14.xml.rels","rId1","../drawings/drawing14.xml","xl/drawings/drawing14.xml",FALSE
"technical_workbook","xl/worksheets/_rels/sheet14.xml.rels","rId2","../printerSettings/printerSettings14.bin","xl/printerSettings/printerSettings14.bin",TRUE
"technical_workbook","xl/worksheets/_rels/sheet14.xml.rels","rIdvml","../drawings/vmlDrawing14.vml","xl/drawings/vmlDrawing14.vml",FALSE
"technical_workbook","xl/worksheets/_rels/sheet15.xml.rels","rId1","../drawings/drawing15.xml","xl/drawings/drawing15.xml",FALSE
"technical_workbook","xl/worksheets/_rels/sheet15.xml.rels","rId2","../printerSettings/printerSettings15.bin","xl/printerSettings/printerSettings15.bin",TRUE
"technical_workbook","xl/worksheets/_rels/sheet15.xml.rels","rIdvml","../drawings/vmlDrawing15.vml","xl/drawings/vmlDrawing15.vml",FALSE
"technical_workbook","xl/worksheets/_rels/sheet16.xml.rels","rId1","../drawings/drawing16.xml","xl/drawings/drawing16.xml",FALSE
"technical_workbook","xl/worksheets/_rels/sheet16.xml.rels","rId2","../printerSettings/printerSettings16.bin","xl/printerSettings/printerSettings16.bin",TRUE
"technical_workbook","xl/worksheets/_rels/sheet16.xml.rels","rIdvml","../drawings/vmlDrawing16.vml","xl/drawings/vmlDrawing16.vml",FALSE
"technical_workbook","xl/worksheets/_rels/sheet2.xml.rels","rId1","../drawings/drawing2.xml","xl/drawings/drawing2.xml",FALSE
"technical_workbook","xl/worksheets/_rels/sheet2.xml.rels","rId2","../printerSettings/printerSettings2.bin","xl/printerSettings/printerSettings2.bin",TRUE
"technical_workbook","xl/worksheets/_rels/sheet2.xml.rels","rIdvml","../drawings/vmlDrawing2.vml","xl/drawings/vmlDrawing2.vml",FALSE
"technical_workbook","xl/worksheets/_rels/sheet3.xml.rels","rId1","../drawings/drawing3.xml","xl/drawings/drawing3.xml",FALSE
"technical_workbook","xl/worksheets/_rels/sheet3.xml.rels","rId2","../printerSettings/printerSettings3.bin","xl/printerSettings/printerSettings3.bin",TRUE
"technical_workbook","xl/worksheets/_rels/sheet3.xml.rels","rIdvml","../drawings/vmlDrawing3.vml","xl/drawings/vmlDrawing3.vml",FALSE
"technical_workbook","xl/worksheets/_rels/sheet4.xml.rels","rId1","../drawings/drawing4.xml","xl/drawings/drawing4.xml",FALSE
"technical_workbook","xl/worksheets/_rels/sheet4.xml.rels","rId2","../printerSettings/printerSettings4.bin","xl/printerSettings/printerSettings4.bin",TRUE
"technical_workbook","xl/worksheets/_rels/sheet4.xml.rels","rIdvml","../drawings/vmlDrawing4.vml","xl/drawings/vmlDrawing4.vml",FALSE
"technical_workbook","xl/worksheets/_rels/sheet5.xml.rels","rId1","../drawings/drawing5.xml","xl/drawings/drawing5.xml",FALSE
"technical_workbook","xl/worksheets/_rels/sheet5.xml.rels","rId2","../printerSettings/printerSettings5.bin","xl/printerSettings/printerSettings5.bin",TRUE
"technical_workbook","xl/worksheets/_rels/sheet5.xml.rels","rIdvml","../drawings/vmlDrawing5.vml","xl/drawings/vmlDrawing5.vml",FALSE
"technical_workbook","xl/worksheets/_rels/sheet6.xml.rels","rId1","../drawings/drawing6.xml","xl/drawings/drawing6.xml",FALSE
"technical_workbook","xl/worksheets/_rels/sheet6.xml.rels","rId2","../printerSettings/printerSettings6.bin","xl/printerSettings/printerSettings6.bin",TRUE
"technical_workbook","xl/worksheets/_rels/sheet6.xml.rels","rIdvml","../drawings/vmlDrawing6.vml","xl/drawings/vmlDrawing6.vml",FALSE
"technical_workbook","xl/worksheets/_rels/sheet7.xml.rels","rId1","../drawings/drawing7.xml","xl/drawings/drawing7.xml",FALSE
"technical_workbook","xl/worksheets/_rels/sheet7.xml.rels","rId2","../printerSettings/printerSettings7.bin","xl/printerSettings/printerSettings7.bin",TRUE
"technical_workbook","xl/worksheets/_rels/sheet7.xml.rels","rIdvml","../drawings/vmlDrawing7.vml","xl/drawings/vmlDrawing7.vml",FALSE
"technical_workbook","xl/worksheets/_rels/sheet8.xml.rels","rId1","../drawings/drawing8.xml","xl/drawings/drawing8.xml",FALSE
"technical_workbook","xl/worksheets/_rels/sheet8.xml.rels","rId2","../printerSettings/printerSettings8.bin","xl/printerSettings/printerSettings8.bin",TRUE
"technical_workbook","xl/worksheets/_rels/sheet8.xml.rels","rIdvml","../drawings/vmlDrawing8.vml","xl/drawings/vmlDrawing8.vml",FALSE
"technical_workbook","xl/worksheets/_rels/sheet9.xml.rels","rId1","../drawings/drawing9.xml","xl/drawings/drawing9.xml",FALSE
"technical_workbook","xl/worksheets/_rels/sheet9.xml.rels","rId2","../printerSettings/printerSettings9.bin","xl/printerSettings/printerSettings9.bin",TRUE
"technical_workbook","xl/worksheets/_rels/sheet9.xml.rels","rIdvml","../drawings/vmlDrawing9.vml","xl/drawings/vmlDrawing9.vml",FALSE
