"expression_index","phase","start_line","end_line","line_span","call_head","assignment_target","is_function_definition","preview"
1,"bootstrap_and_module_loading",4,8,5,"<-",".cancerppir_file_argument",FALSE,".cancerppir_file_argument <- grep( ""^--file="", commandArgs(trailingOnly = FALSE), value = TRUE )"
2,"bootstrap_and_module_loading",10,30,21,"<-",".cancerppir_project_root",FALSE,".cancerppir_project_root <- if ( length(.cancerppir_file_argument) >= 1L ) { dirname( normalizePath( sub( ""^--file="", """", .cancerppir_file_argument[[1L]] ), winslash = ""/"", must..."
3,"bootstrap_and_module_loading",32,39,8,"source",,FALSE,"source( file.path( .cancerppir_project_root, ""R"", ""load_all.R"" ), local = TRUE )"
4,"bootstrap_and_module_loading",41,44,4,"load_cancerppir_modules",,FALSE,"load_cancerppir_modules( project_root = .cancerppir_project_root, envir = environment() )"
5,"bootstrap_and_module_loading",46,49,4,"rm",,FALSE,"rm( .cancerppir_file_argument, .cancerppir_project_root )"
6,"bootstrap_and_module_loading",71,71,1,"<-","required_cran",FALSE,"required_cran <- c(""HGNChelper"", ""igraph"", ""openxlsx"", ""dplyr"", ""tibble"", ""curl"", ""sna"")"
7,"bootstrap_and_module_loading",72,72,1,"<-","required_bioc",FALSE,"required_bioc <- c(""STRINGdb"")"
8,"bootstrap_and_module_loading",73,73,1,"<-","optional_cran",FALSE,"optional_cran <- c(""gprofiler2"")"
9,"bootstrap_and_module_loading",76,76,1,"invisible",,FALSE,"invisible(lapply(c(required_cran, required_bioc), check_package))"
10,"bootstrap_and_module_loading",78,86,9,"suppressPackageStartupMessages",,FALSE,"suppressPackageStartupMessages({ library(HGNChelper) library(STRINGdb) library(igraph) library(openxlsx) library(dplyr) library(tibble) library(curl) })"
11,"cli_configuration_and_setup",91,91,1,"<-","args",FALSE,"args <- commandArgs(trailingOnly = TRUE)"
12,"cli_configuration_and_setup",93,105,13,"if",,FALSE,"if (length(args) < 3) { stop( paste( ""Usage:"", ""Rscript CancerPPIr_final_v8_offline.R input.csv results_dir string_cache [score_threshold] [top_n] [run_enrichment]"", """", ""Output..."
13,"cli_configuration_and_setup",107,107,1,"<-","input_file",FALSE,"input_file <- args[[1]]"
14,"cli_configuration_and_setup",108,108,1,"<-","results_root",FALSE,"results_root <- args[[2]]"
15,"cli_configuration_and_setup",109,109,1,"<-","cache_dir",FALSE,"cache_dir <- args[[3]]"
16,"cli_configuration_and_setup",110,110,1,"<-","score_threshold",FALSE,"score_threshold <- if (length(args) >= 4) as.integer(args[[4]]) else 400L"
17,"cli_configuration_and_setup",111,111,1,"<-","top_n",FALSE,"top_n <- if (length(args) >= 5) as.integer(args[[5]]) else 30L"
18,"cli_configuration_and_setup",116,125,10,"if",,FALSE,"if (length(args) >= 6) { arg6 <- tolower(trimws(as.character(args[[6]]))) run_enrichment <- if (arg6 %in% c(""offline"", ""local"", ""local_only"", ""reproducible"")) { TRUE } else { pa..."
19,"cli_configuration_and_setup",127,129,3,"if",,FALSE,"if (length(args) >= 7) { message(""[CancerPPIr] Extra command-line arguments after run_enrichment are ignored in the offline-only version."") }"
20,"cli_configuration_and_setup",135,135,1,"<-","sample_name",FALSE,"sample_name <- tools::file_path_sans_ext(basename(input_file))"
21,"cli_configuration_and_setup",136,136,1,"<-","sample_name",FALSE,"sample_name <- gsub(""[<>:\""/\\|?*]+"", ""_"", sample_name)"
22,"cli_configuration_and_setup",137,137,1,"<-","sample_name",FALSE,"sample_name <- trimws(sample_name)"
23,"cli_configuration_and_setup",138,140,3,"if",,FALSE,"if (!nzchar(sample_name)) { stop(""Could not derive a valid sample name from input file: "", input_file, call. = FALSE) }"
24,"cli_configuration_and_setup",143,143,1,"<-","results_root_cmp",FALSE,"results_root_cmp <- normalize_path_for_compare(results_root)"
25,"cli_configuration_and_setup",144,144,1,"<-","results_root_base",FALSE,"results_root_base <- basename(results_root_cmp)"
26,"cli_configuration_and_setup",145,145,1,"<-","results_root_parent",FALSE,"results_root_parent <- dirname(results_root_cmp)"
27,"cli_configuration_and_setup",147,156,10,"if",,FALSE,"if (identical(results_root_base, sample_name)) { output_dir <- results_root } else if (startsWith(results_root_base, paste0(sample_name, ""_"")) && basename(results_root_parent) %..."
28,"cli_configuration_and_setup",159,159,1,"<-","enrichment_mode",FALSE,"enrichment_mode <- ""offline"""
29,"cli_configuration_and_setup",160,160,1,"<-","run_online_enrichment",FALSE,"run_online_enrichment <- FALSE"
30,"cli_configuration_and_setup",162,164,3,"if",,FALSE,"if (!file.exists(input_file)) { stop(""Input file not found: "", input_file, call. = FALSE) }"
31,"cli_configuration_and_setup",166,168,3,"if",,FALSE,"if (is.na(score_threshold) || score_threshold <= 0) { stop(""score_threshold must be a positive integer."", call. = FALSE) }"
32,"cli_configuration_and_setup",170,172,3,"if",,FALSE,"if (is.na(top_n) || top_n <= 0) { stop(""top_n must be a positive integer."", call. = FALSE) }"
33,"cli_configuration_and_setup",174,174,1,"if",,FALSE,"if (!dir.exists(output_dir)) dir.create(output_dir, showWarnings = FALSE, recursive = TRUE)"
34,"cli_configuration_and_setup",175,175,1,"dir.create",,FALSE,"dir.create(cache_dir, showWarnings = FALSE, recursive = TRUE)"
35,"cli_configuration_and_setup",177,177,1,"options",,FALSE,"options(timeout = max(600, getOption(""timeout"", 60)))"
36,"cli_configuration_and_setup",178,178,1,"Sys.setenv",,FALSE,"Sys.setenv(R_DEFAULT_INTERNET_TIMEOUT = ""600"")"
37,"cli_configuration_and_setup",180,180,1,"<-","ca_bundle",FALSE,"ca_bundle <- tryCatch(curl::ca_bundle(), error = function(e) """")"
38,"cli_configuration_and_setup",181,184,4,"if",,FALSE,"if (nzchar(ca_bundle)) { Sys.setenv(CURL_CA_BUNDLE = ca_bundle) Sys.setenv(SSL_CERT_FILE = ca_bundle) }"
39,"cli_configuration_and_setup",197,207,11,"<-","marker_sets",FALSE,"marker_sets <- list( antigen_presentation = c(""HLA-DRA"", ""HLA-DRB1"", ""HLA-DRB5"", ""HLA-DPA1"", ""HLA-DPB1"", ""HLA-DQA1"", ""HLA-DQB1"", ""HLA-DQB2"", ""HLA-DOA"", ""CD74"", ""B2M""), T_cell_cy..."
40,"cli_configuration_and_setup",209,219,11,"<-","module_clean_labels",FALSE,"module_clean_labels <- c( antigen_presentation = ""MHC_class_II_antigen_presentation_module"", T_cell_cytotoxic = ""T_cell_cytotoxic_module"", myeloid_macrophage = ""myeloid_macropha..."
41,"input_normalization_and_string_mapping",239,239,1,"msg",,FALSE,"msg(""Reading input table."")"
42,"input_normalization_and_string_mapping",240,240,1,"<-","input_tbl",FALSE,"input_tbl <- read_gene_table(input_file)"
43,"input_normalization_and_string_mapping",242,242,1,"msg",,FALSE,"msg(""Checking gene symbols."")"
44,"input_normalization_and_string_mapping",243,252,10,"<-","hgnc_map",FALSE,"hgnc_map <- HGNChelper::checkGeneSymbols( unique(input_tbl$gene), species = ""human"", map = HGNChelper::hgnc.table ) %>% mutate( suggested_symbol = coalesce(Suggested.Symbol, x),..."
45,"input_normalization_and_string_mapping",254,259,6,"<-","input_tbl",FALSE,"input_tbl <- input_tbl %>% mutate( input_gene = gene, gene = hgnc_map$suggested_symbol[match(gene, hgnc_map$original_gene)] ) %>% filter(!is.na(gene), nzchar(gene))"
46,"input_normalization_and_string_mapping",261,263,3,"if",,FALSE,"if (!nrow(input_tbl)) { stop(""No rows remained after gene-symbol normalization."", call. = FALSE) }"
47,"input_normalization_and_string_mapping",265,265,1,"msg",,FALSE,"msg(""Initializing STRINGdb."")"
48,"input_normalization_and_string_mapping",266,287,22,"<-","string_db",FALSE,"string_db <- tryCatch( STRINGdb$new( species = 9606, version = ""12.0"", score_threshold = score_threshold, network_type = ""full"", input_directory = cache_dir ), error = function(..."
49,"input_normalization_and_string_mapping",289,289,1,"msg",,FALSE,"msg(""Mapping genes to STRING identifiers."")"
50,"input_normalization_and_string_mapping",290,290,1,"<-","mapped_initial",FALSE,"mapped_initial <- map_to_string(string_db, input_tbl, ""gene"", removeUnmappedRows = FALSE)"
51,"input_normalization_and_string_mapping",292,292,1,"<-","initial_total",FALSE,"initial_total <- nrow(mapped_initial)"
52,"input_normalization_and_string_mapping",293,293,1,"<-","initial_mapped",FALSE,"initial_mapped <- sum(!is.na(mapped_initial$STRING_id))"
53,"input_normalization_and_string_mapping",294,294,1,"<-","initial_unmapped",FALSE,"initial_unmapped <- initial_total - initial_mapped"
54,"input_normalization_and_string_mapping",295,295,1,"<-","initial_pct",FALSE,"initial_pct <- round(100 * initial_mapped / initial_total, 1)"
55,"input_normalization_and_string_mapping",297,297,1,"<-","unmapped_genes",FALSE,"unmapped_genes <- sort(unique(mapped_initial$gene[is.na(mapped_initial$STRING_id)]))"
56,"input_normalization_and_string_mapping",299,304,6,"<-","alias_corrections",FALSE,"alias_corrections <- tibble( original_gene = unmapped_genes, corrected_gene = NA_character_, method = NA_character_, mapped_after = FALSE )"
57,"input_normalization_and_string_mapping",306,381,76,"if",,FALSE,"if (length(unmapped_genes)) { msg(""Trying unambiguous STRING alias correction for unmapped symbols."") string_tables <- tryCatch( list( aliases = string_db$get_aliases(), protein..."
58,"input_normalization_and_string_mapping",383,385,3,"<-","valid_alias_corrections",FALSE,"valid_alias_corrections <- alias_corrections %>% filter(!is.na(corrected_gene), nzchar(corrected_gene)) %>% distinct(original_gene, corrected_gene)"
59,"input_normalization_and_string_mapping",387,387,1,"<-","input_final",FALSE,"input_final <- input_tbl"
60,"input_normalization_and_string_mapping",389,398,10,"if",,FALSE,"if (nrow(valid_alias_corrections)) { input_final <- input_final %>% mutate( gene = ifelse( gene %in% valid_alias_corrections$original_gene, valid_alias_corrections$corrected_gen..."
61,"input_normalization_and_string_mapping",400,400,1,"<-","mapped_final_raw",FALSE,"mapped_final_raw <- map_to_string(string_db, input_final, ""gene"", removeUnmappedRows = FALSE)"
62,"input_normalization_and_string_mapping",402,411,10,"if",,FALSE,"if (nrow(alias_corrections)) { alias_status <- mapped_final_raw %>% distinct(gene, STRING_id) alias_corrections <- alias_corrections %>% mutate( mapped_after = !is.na(corrected_..."
63,"input_normalization_and_string_mapping",413,415,3,"<-","mapped_final",FALSE,"mapped_final <- mapped_final_raw %>% filter(!is.na(STRING_id), grepl(""^9606\\."", STRING_id)) %>% distinct(STRING_id, .keep_all = TRUE)"
64,"input_normalization_and_string_mapping",417,419,3,"if",,FALSE,"if (nrow(mapped_final) < 2) { stop(""Fewer than two unique STRING identifiers were mapped."", call. = FALSE) }"
65,"input_normalization_and_string_mapping",421,421,1,"<-","after_total",FALSE,"after_total <- nrow(mapped_final_raw)"
66,"input_normalization_and_string_mapping",422,422,1,"<-","after_mapped",FALSE,"after_mapped <- sum(!is.na(mapped_final_raw$STRING_id))"
67,"input_normalization_and_string_mapping",423,423,1,"<-","after_unmapped",FALSE,"after_unmapped <- after_total - after_mapped"
68,"input_normalization_and_string_mapping",424,424,1,"<-","after_pct",FALSE,"after_pct <- round(100 * after_mapped / after_total, 1)"
69,"string_subnetwork_construction",426,426,1,"msg",,FALSE,"msg(""Building STRING subnetwork."")"
70,"string_subnetwork_construction",427,427,1,"<-","ppi_raw",FALSE,"ppi_raw <- string_db$get_subnetwork(unique(mapped_final$STRING_id))"
71,"string_subnetwork_construction",429,431,3,"if",,FALSE,"if (is.null(ppi_raw) || igraph::gorder(ppi_raw) == 0 || igraph::gsize(ppi_raw) == 0) { stop(""The STRING subnetwork is empty at the selected score threshold."", call. = FALSE) }"
72,"string_subnetwork_construction",433,435,3,"<-","ppi",FALSE,"ppi <- ppi_raw %>% igraph::as_undirected(mode = ""collapse"") %>% igraph::simplify(remove.multiple = TRUE, remove.loops = TRUE, edge.attr.comb = ""first"")"
73,"string_subnetwork_construction",437,437,1,"<-","node_ids",FALSE,"node_ids <- igraph::V(ppi)$name"
74,"string_subnetwork_construction",439,446,8,"<-","annotation",FALSE,"annotation <- mapped_final %>% group_by(STRING_id) %>% summarise( gene = first(gene[order(pvalue, na.last = TRUE)]), pvalue = safe_min(pvalue), logFC = safe_mean(logFC), .groups..."
75,"network_metrics_modules_and_candidates",448,448,1,"msg",,FALSE,"msg(""Calculating network metrics."")"
76,"network_metrics_modules_and_candidates",449,449,1,"<-","comp",FALSE,"comp <- igraph::components(ppi)"
77,"network_metrics_modules_and_candidates",450,450,1,"<-","largest_component",FALSE,"largest_component <- which.max(comp$csize)"
78,"network_metrics_modules_and_candidates",451,451,1,"<-","lcc_nodes",FALSE,"lcc_nodes <- node_ids[comp$membership == largest_component]"
79,"network_metrics_modules_and_candidates",452,452,1,"<-","ppi_lcc",FALSE,"ppi_lcc <- igraph::induced_subgraph(ppi, vids = igraph::V(ppi)[name %in% lcc_nodes])"
80,"network_metrics_modules_and_candidates",454,454,1,"<-","louvain",FALSE,"louvain <- igraph::cluster_louvain(ppi, weights = NA)"
81,"network_metrics_modules_and_candidates",456,456,1,"<-","degree_all",FALSE,"degree_all <- igraph::degree(ppi, mode = ""all"", loops = FALSE)"
82,"network_metrics_modules_and_candidates",457,457,1,"<-","betweenness_all",FALSE,"betweenness_all <- igraph::betweenness(ppi, directed = FALSE, normalized = TRUE)"
83,"network_metrics_modules_and_candidates",458,458,1,"<-","closeness_all",FALSE,"closeness_all <- suppressWarnings(igraph::closeness(ppi, mode = ""all"", normalized = TRUE))"
84,"network_metrics_modules_and_candidates",459,459,1,"<-","closeness_all[is.nan(closeness_all)]",FALSE,"closeness_all[is.nan(closeness_all)] <- NA_real_"
85,"network_metrics_modules_and_candidates",461,465,5,"<-","harmonic_all",FALSE,"harmonic_all <- if (""harmonic_centrality"" %in% getNamespaceExports(""igraph"")) { igraph::harmonic_centrality(ppi, mode = ""all"", normalized = TRUE) } else { rep(NA_real_, igraph::..."
86,"network_metrics_modules_and_candidates",467,467,1,"<-","local_clustering_all",FALSE,"local_clustering_all <- igraph::transitivity(ppi, type = ""local"", isolates = ""zero"")"
87,"network_metrics_modules_and_candidates",468,468,1,"<-","local_clustering_all[is.nan(local_clustering_all)]",FALSE,"local_clustering_all[is.nan(local_clustering_all)] <- NA_real_"
88,"network_metrics_modules_and_candidates",470,487,18,"<-","stress_all",FALSE,"stress_all <- tryCatch( { adj <- as.matrix(igraph::as_adjacency_matrix(ppi, sparse = FALSE, attr = NULL)) rownames(adj) <- node_ids colnames(adj) <- node_ids sna::stresscent( ad..."
89,"network_metrics_modules_and_candidates",489,489,1,"<-","global_clustering",FALSE,"global_clustering <- igraph::transitivity(ppi, type = ""global"")"
90,"network_metrics_modules_and_candidates",490,490,1,"if",,FALSE,"if (is.nan(global_clustering)) global_clustering <- NA_real_"
91,"network_metrics_modules_and_candidates",492,496,5,"<-","average_path_lcc",FALSE,"average_path_lcc <- if (igraph::gorder(ppi_lcc) > 1) { igraph::mean_distance(ppi_lcc, directed = FALSE, unconnected = FALSE) } else { NA_real_ }"
92,"network_metrics_modules_and_candidates",498,502,5,"<-","diameter_lcc",FALSE,"diameter_lcc <- if (igraph::gorder(ppi_lcc) > 1) { igraph::diameter(ppi_lcc, directed = FALSE, unconnected = FALSE) } else { 0 }"
93,"network_metrics_modules_and_candidates",504,508,5,"<-","radius_lcc",FALSE,"radius_lcc <- if (igraph::gorder(ppi_lcc) > 1) { igraph::radius(ppi_lcc, mode = ""all"") } else { 0 }"
94,"network_metrics_modules_and_candidates",510,539,30,"<-","node_metrics",FALSE,"node_metrics <- tibble( STRING_id = node_ids, gene = annotation$gene[match(node_ids, annotation$STRING_id)], pvalue = annotation$pvalue[match(node_ids, annotation$STRING_id)], l..."
95,"network_metrics_modules_and_candidates",541,541,1,"<-","top_n",FALSE,"top_n <- min(top_n, nrow(node_metrics))"
96,"network_metrics_modules_and_candidates",543,544,2,"<-","top_candidates",FALSE,"top_candidates <- node_metrics %>% slice_head(n = top_n)"
97,"network_metrics_modules_and_candidates",546,548,3,"<-","top_by_degree",FALSE,"top_by_degree <- node_metrics %>% arrange(desc(degree), desc(candidate_score), desc(betweenness)) %>% slice_head(n = top_n)"
98,"network_metrics_modules_and_candidates",550,552,3,"<-","top_by_betweenness",FALSE,"top_by_betweenness <- node_metrics %>% arrange(desc(betweenness), desc(candidate_score), desc(degree)) %>% slice_head(n = top_n)"
99,"network_metrics_modules_and_candidates",554,556,3,"<-","top_by_stress",FALSE,"top_by_stress <- node_metrics %>% arrange(desc(stress_centrality), desc(candidate_score), desc(degree)) %>% slice_head(n = top_n)"
100,"network_metrics_modules_and_candidates",558,564,7,"<-","degree_distribution",FALSE,"degree_distribution <- tibble(degree = as.integer(degree_all)) %>% count(degree, name = ""n_nodes"") %>% filter(degree > 0) %>% mutate( log10_degree = log10(degree), log10_n_nodes..."
101,"network_metrics_modules_and_candidates",566,569,4,"<-","module_labels",FALSE,"module_labels <- lapply( split(node_metrics$gene, node_metrics$community_louvain), label_module_by_markers )"
102,"network_metrics_modules_and_candidates",571,603,33,"<-","module_summary",FALSE,"module_summary <- node_metrics %>% group_by(community_louvain) %>% summarise( module_size = n(), nodes_in_largest_component = sum(in_largest_component, na.rm = TRUE), mean_logFC..."
103,"network_metrics_modules_and_candidates",607,607,1,"<-","major_module_ids",FALSE,"major_module_ids <- head(module_summary$community_louvain, min(5L, nrow(module_summary)))"
104,"network_metrics_modules_and_candidates",609,642,34,"<-","graph_summary",FALSE,"graph_summary <- tibble( metric = c( ""nodes"", ""edges"", ""components"", ""largest_component_nodes"", ""largest_component_fraction"", ""density"", ""average_degree"", ""global_clustering"", ""..."
105,"network_metrics_modules_and_candidates",644,665,22,"<-","mapping_summary",FALSE,"mapping_summary <- tibble( metric = c( ""input_rows"", ""initial_mapped"", ""initial_unmapped"", ""initial_mapped_percent"", ""final_mapped"", ""final_unmapped"", ""final_mapped_percent"", ""n..."
106,"network_metrics_modules_and_candidates",667,706,40,"<-","gene_status",FALSE,"gene_status <- input_tbl %>% distinct(input_gene, gene) %>% mutate( symbol_category_raw = vapply(gene, classify_symbol_pattern, FUN.VALUE = character(1)), hgnc_status = ifelse(i..."
107,"network_metrics_modules_and_candidates",708,711,4,"<-","still_unmapped",FALSE,"still_unmapped <- mapped_final_raw %>% filter(is.na(STRING_id)) %>% distinct(gene) %>% arrange(gene)"
108,"network_metrics_modules_and_candidates",714,714,1,"<-","enrichment_string_online_all",FALSE,"enrichment_string_online_all <- tibble()"
109,"network_metrics_modules_and_candidates",715,715,1,"<-","enrichment_string_online_top",FALSE,"enrichment_string_online_top <- tibble()"
110,"network_metrics_modules_and_candidates",716,716,1,"<-","module_enrichment_string_online",FALSE,"module_enrichment_string_online <- tibble()"
111,"network_metrics_modules_and_candidates",717,717,1,"<-","online_enrichment_status",FALSE,"online_enrichment_status <- tibble()"
112,"network_metrics_modules_and_candidates",718,718,1,"<-","enrichment_string_local_all",FALSE,"enrichment_string_local_all <- tibble()"
113,"network_metrics_modules_and_candidates",719,719,1,"<-","enrichment_string_local_top",FALSE,"enrichment_string_local_top <- tibble()"
114,"network_metrics_modules_and_candidates",720,720,1,"<-","module_enrichment_string_local",FALSE,"module_enrichment_string_local <- tibble()"
115,"network_metrics_modules_and_candidates",721,721,1,"<-","local_string_terms",FALSE,"local_string_terms <- tibble()"
116,"network_metrics_modules_and_candidates",722,722,1,"<-","enrichment_gprofiler_all",FALSE,"enrichment_gprofiler_all <- tibble()"
117,"network_metrics_modules_and_candidates",723,723,1,"<-","enrichment_gprofiler_top",FALSE,"enrichment_gprofiler_top <- tibble()"
118,"network_metrics_modules_and_candidates",724,724,1,"<-","module_enrichment_gprofiler",FALSE,"module_enrichment_gprofiler <- tibble()"
119,"network_metrics_modules_and_candidates",726,914,189,"if",,FALSE,"if (isTRUE(run_enrichment)) { msg(""Running functional enrichment analysis."") if (!requireNamespace(""gprofiler2"", quietly = TRUE)) { msg(""Optional package gprofiler2 is not insta..."
120,"enrichment_and_module_annotation",917,920,4,"<-","major_module_summary",FALSE,"major_module_summary <- module_summary %>% filter(community_louvain %in% major_module_ids) %>% arrange(match(community_louvain, major_module_ids)) %>% mutate(major_module_rank =..."
121,"enrichment_and_module_annotation",922,931,10,"<-","node_metrics",FALSE,"node_metrics <- node_metrics %>% left_join( module_summary %>% select( community_louvain, module_direction, clean_module_label, marker_based_direction, marker_clean_label, marke..."
122,"enrichment_and_module_annotation",934,936,3,"<-","top_candidates",FALSE,"top_candidates <- node_metrics %>% arrange(desc(candidate_score), desc(degree), desc(betweenness)) %>% slice_head(n = top_n)"
123,"enrichment_and_module_annotation",938,940,3,"<-","top_by_degree",FALSE,"top_by_degree <- node_metrics %>% arrange(desc(degree), desc(candidate_score), desc(betweenness)) %>% slice_head(n = top_n)"
124,"enrichment_and_module_annotation",942,944,3,"<-","top_by_betweenness",FALSE,"top_by_betweenness <- node_metrics %>% arrange(desc(betweenness), desc(candidate_score), desc(degree)) %>% slice_head(n = top_n)"
125,"enrichment_and_module_annotation",946,948,3,"<-","top_by_stress",FALSE,"top_by_stress <- node_metrics %>% arrange(desc(stress_centrality), desc(candidate_score), desc(degree)) %>% slice_head(n = top_n)"
126,"reporting_export_and_completion",949,949,1,"msg",,FALSE,"msg(""Writing consolidated output files."")"
127,"reporting_export_and_completion",979,988,10,"<-","preferred_enrichment_categories",FALSE,"preferred_enrichment_categories <- c( ""Biological Process (Gene Ontology)"", ""Reactome Pathways"", ""WikiPathways"", ""KEGG Pathways"", ""Local Network Cluster (STRING)"", ""Annotated Ke..."
128,"reporting_export_and_completion",992,1000,9,"<-","secondary_enrichment_categories",FALSE,"secondary_enrichment_categories <- c( ""Human Phenotype (Monarch)"", ""Tissue expression (TISSUES)"", ""Disease-gene associations (DISEASES)"", ""Subcellular localization (COMPARTMENTS..."
129,"reporting_export_and_completion",1002,1016,15,"<-","specific_biology_pattern",FALSE,"specific_biology_pattern <- paste( c( ""immune"", ""immun"", ""leukocyte"", ""lymphocyte"", ""myeloid"", ""macrophage"", ""monocyte"", ""neutrophil"", ""t cell"", ""b cell"", ""natural killer"", ""cyt..."
130,"reporting_export_and_completion",1018,1044,27,"<-","generic_exact_terms",FALSE,"generic_exact_terms <- c( ""signaling"", ""signal transduction"", ""cell communication"", ""cellular response to stimulus"", ""response to stimulus"", ""response to stress"", ""biological re..."
131,"reporting_export_and_completion",1064,1174,111,"<-","label_rulebook",FALSE,"label_rulebook <- list( list( label_id = ""MHC_class_II_antigen_presentation_module"", fallback_label = ""immune_antigen_presentation_associated_module"", marker_patterns = c(""antig..."
132,"reporting_export_and_completion",1189,1189,1,"<-","module_enrichment_collapsed",FALSE,"module_enrichment_collapsed <- collapse_module_enrichment(module_enrichment_string_local, n_terms = 6L)"
133,"reporting_export_and_completion",1191,1192,2,"<-","module_summary_base",FALSE,"module_summary_base <- module_summary %>% left_join(module_enrichment_collapsed, by = ""community_louvain"")"
134,"reporting_export_and_completion",1194,1202,9,"<-","module_label_decisions",FALSE,"module_label_decisions <- mapply( assign_module_label_with_rules, marker_label = module_summary_base$marker_clean_label, marker_summary = module_summary_base$marker_based_direct..."
135,"reporting_export_and_completion",1204,1204,1,"<-","module_label_decisions",FALSE,"module_label_decisions <- bind_rows(lapply(module_label_decisions, tibble::as_tibble_row))"
136,"reporting_export_and_completion",1206,1250,45,"<-","module_summary_readable",FALSE,"module_summary_readable <- bind_cols(module_summary_base, module_label_decisions) %>% mutate( module_rank = dplyr::min_rank(dplyr::desc(module_size)), final_label_raw = normaliz..."
137,"reporting_export_and_completion",1252,1255,4,"<-","major_module_summary_readable",FALSE,"major_module_summary_readable <- module_summary_readable %>% filter(community_louvain %in% major_module_ids) %>% arrange(match(community_louvain, major_module_ids)) %>% mutate(m..."
138,"reporting_export_and_completion",1259,1259,1,"<-","online_gprofiler_collapsed",FALSE,"online_gprofiler_collapsed <- collapse_gprofiler_module_enrichment(module_enrichment_gprofiler, n_terms = 6L)"
139,"reporting_export_and_completion",1260,1260,1,"<-","online_string_collapsed",FALSE,"online_string_collapsed <- collapse_string_online_module_enrichment(module_enrichment_string_online, n_terms = 6L)"
140,"reporting_export_and_completion",1262,1310,49,"<-","online_validation_summary",FALSE,"online_validation_summary <- major_module_summary_readable %>% select( major_module_rank, community_louvain, final_functional_label, final_label_raw, specific_label_candidate_ra..."
141,"reporting_export_and_completion",1313,1341,29,"<-","node_metrics_readable",FALSE,"node_metrics_readable <- node_metrics %>% left_join( module_summary_readable %>% select( community_louvain, module_rank, final_functional_label, putative_biological_program, spe..."
142,"reporting_export_and_completion",1343,1422,80,"<-","candidate_evidence_matrix",FALSE,"candidate_evidence_matrix <- node_metrics_readable %>% mutate( candidate_rank = rank_desc(candidate_score), degree_rank = rank_desc(degree), betweenness_rank = rank_desc(between..."
143,"reporting_export_and_completion",1424,1434,11,"<-","top_candidates_readable",FALSE,"top_candidates_readable <- candidate_evidence_matrix %>% filter(candidate_rank <= top_n) %>% select( candidate_rank, gene, STRING_id, candidate_score, priority_class, final_func..."
144,"reporting_export_and_completion",1437,1468,32,"<-","priority_directions",FALSE,"priority_directions <- major_module_summary_readable %>% transmute( direction_rank = major_module_rank, louvain_module_id = community_louvain, putative_biological_program = fina..."
145,"reporting_export_and_completion",1470,1514,45,"<-","final_priorities",FALSE,"final_priorities <- bind_rows( priority_directions %>% transmute( priority_type = ""biological_direction"", priority_rank = direction_rank, priority_name = putative_biological_pro..."
146,"reporting_export_and_completion",1518,1539,22,"<-","report_readme",FALSE,"report_readme <- tibble( section = c( ""Purpose"", ""How to read this workbook"", ""Candidate selection logic"", ""Functional direction logic"", ""Generic-term filtering"", ""Enrichment mo..."
147,"reporting_export_and_completion",1541,1574,34,"<-","annotation_evidence_rules",FALSE,"annotation_evidence_rules <- tibble( rule = c( ""Module structure"", ""Curated marker evidence"", ""STRING/database evidence"", ""Explicit label rulebook"", ""Specific label versus fallb..."
148,"reporting_export_and_completion",1576,1619,44,"<-","executive_summary",FALSE,"executive_summary <- tibble( item = c( ""input_rows"", ""final_mapped_genes"", ""final_unmapped_genes"", ""network_nodes"", ""network_edges"", ""annotation_mode"", ""connected_components"", ""..."
149,"reporting_export_and_completion",1621,1640,20,"<-","network_overview",FALSE,"network_overview <- graph_summary %>% mutate( explanation = case_when( metric == ""nodes"" ~ ""Proteins represented as graph nodes."", metric == ""edges"" ~ ""STRING associations repre..."
150,"reporting_export_and_completion",1642,1685,44,"<-","glossary",FALSE,"glossary <- tibble( term = c( ""candidate_score"", ""degree"", ""betweenness"", ""stress_centrality"", ""Louvain module"", ""functional enrichment"", ""FDR"", ""marker_overlap"", ""specific_inte..."
151,"reporting_export_and_completion",1687,1704,18,"<-","caveats",FALSE,"caveats <- tibble( caveat = c( ""Exploratory prioritization"", ""Bulk RNA-seq composition"", ""STRING database bias"", ""Module labels are putative"", ""Generic enrichment terms"", ""Thera..."
152,"reporting_export_and_completion",1707,1719,13,"<-","analytical_sheets",FALSE,"analytical_sheets <- list( ""Executive summary"" = executive_summary, ""Final priorities"" = final_priorities, ""Major module priorities"" = priority_directions, ""Candidate rationale""..."
153,"reporting_export_and_completion",1721,1724,4,"write_readable_xlsx",,FALSE,"write_readable_xlsx( file.path(output_dir, ""CancerPPIr_Analytical_Report.xlsx""), analytical_sheets )"
154,"reporting_export_and_completion",1728,1745,18,"<-","technical_sheets",FALSE,"technical_sheets <- list( ""Mapping summary"" = mapping_summary, ""Gene status"" = gene_status, ""Alias corrections"" = alias_corrections, ""Unmapped genes"" = still_unmapped, ""HGNC nor..."
155,"reporting_export_and_completion",1747,1750,4,"write_readable_xlsx",,FALSE,"write_readable_xlsx( file.path(output_dir, ""CancerPPIr_Technical_Report.xlsx""), technical_sheets )"
156,"reporting_export_and_completion",1753,1753,1,"<-","links",FALSE,"links <- make_string_links(mapped_final$STRING_id, score_threshold)"
157,"reporting_export_and_completion",1754,1762,9,"writeLines",,FALSE,"writeLines( c( ""STRING network links"", ""These links use the first up to 300 STRING protein IDs to avoid browser URL-length limits."", paste(""current:"", links[[""current""]]), paste..."
158,"reporting_export_and_completion",1768,1776,9,"<-","cytoscape_node_attributes",FALSE,"cytoscape_node_attributes <- node_metrics_readable %>% mutate( louvain_module_id = community_louvain, cytoscape_label = gene, cytoscape_module_label = final_functional_label, cy..."
159,"reporting_export_and_completion",1778,1781,4,"for",,FALSE,"for (col in setdiff(names(cytoscape_node_attributes), ""STRING_id"")) { values <- cytoscape_node_attributes[[col]][match(igraph::V(ppi)$name, cytoscape_node_attributes$STRING_id)]..."
160,"reporting_export_and_completion",1783,1787,5,"igraph::write_graph",,FALSE,"igraph::write_graph( ppi, file.path(output_dir, ""Network_for_Cytoscape.graphml""), format = ""graphml"" )"
161,"reporting_export_and_completion",1789,1789,1,"msg",,FALSE,"msg(""Done."")"
162,"reporting_export_and_completion",1790,1790,1,"msg",,FALSE,"msg(""Output directory: "", normalizePath(output_dir))"
163,"reporting_export_and_completion",1791,1791,1,"msg",,FALSE,"msg(""Mapped genes: "", after_mapped, ""/"", after_total, "" ("", after_pct, ""%)"")"
164,"reporting_export_and_completion",1792,1792,1,"msg",,FALSE,"msg(""Network: "", igraph::gorder(ppi), "" nodes, "", igraph::gsize(ppi), "" edges, "", comp$no, "" components"")"
165,"reporting_export_and_completion",1793,1793,1,"msg",,FALSE,"msg(""Main files: CancerPPIr_Analytical_Report.xlsx, CancerPPIr_Technical_Report.xlsx, STRING_links.txt, Network_for_Cytoscape.graphml"")"
